{
  "configurations": [
    {
      "name": "Visual Micro",
      "intelliSenseMode": "windows-msvc-x86",
      "includePath": [
        "${projectRoot}..\\FEC_1",
        "${projectRoot}..\\..\\src",
        "${projectRoot}..\\..\\..\\..\\..\\..\\AppData\\Local\\arduino15\\packages\\arduino\\hardware\\sam\\1.6.12\\cores\\arduino",
        "${projectRoot}..\\..\\..\\..\\..\\..\\AppData\\Local\\arduino15\\packages\\arduino\\hardware\\sam\\1.6.12\\cores\\arduino\\avr",
        "${projectRoot}..\\..\\..\\..\\..\\..\\AppData\\Local\\arduino15\\packages\\arduino\\hardware\\sam\\1.6.12\\cores\\arduino\\USB",
        "${projectRoot}..\\..\\..\\..\\..\\..\\AppData\\Local\\arduino15\\packages\\arduino\\hardware\\sam\\1.6.12\\variants\\arduino_due_x",
        "${projectRoot}..\\..\\..\\..\\..\\..\\AppData\\Local\\arduino15\\packages\\arduino\\hardware\\sam\\1.6.12\\system\\libsam",
        "${projectRoot}..\\..\\..\\..\\..\\..\\AppData\\Local\\arduino15\\packages\\arduino\\hardware\\sam\\1.6.12\\system\\CMSIS\\CMSIS\\Include\\",
        "${projectRoot}..\\..\\..\\..\\..\\..\\AppData\\Local\\arduino15\\packages\\arduino\\hardware\\sam\\1.6.12\\system\\CMSIS\\Device\\ATMEL\\",
        "${projectRoot}..\\..\\..\\..\\..\\..\\DOCUME~1\\Arduino\\LIBRAR~1\\ARDUIN~1\\examples\\FEC_1",
        "${projectRoot}..\\..\\..\\..\\..\\..\\AppData\\Local\\arduino15\\packages\\arduino\\tools\\arm-none-eabi-gcc\\4.8.3-2014q1\\arm-none-eabi\\include\\c++\\4.8.3",
        "${projectRoot}..\\..\\..\\..\\..\\..\\AppData\\Local\\arduino15\\packages\\arduino\\tools\\arm-none-eabi-gcc\\4.8.3-2014q1\\arm-none-eabi\\include\\c++\\4.8.3\\arm-none-eabi\\",
        "${projectRoot}..\\..\\..\\..\\..\\..\\AppData\\Local\\arduino15\\packages\\arduino\\tools\\arm-none-eabi-gcc\\4.8.3-2014q1\\arm-none-eabi\\include\\",
        "${projectRoot}..\\..\\..\\..\\..\\..\\AppData\\Local\\arduino15\\packages\\arduino\\tools\\arm-none-eabi-gcc\\4.8.3-2014q1\\lib\\gcc\\arm-none-eabi\\4.8.3\\include",
        "${projectRoot}..\\..\\..\\..\\..\\..\\AppData\\Local\\arduino15\\packages\\arduino\\hardware\\sam\\1.6.12\\system\\CMSIS\\Device\\ATMEL\\",
        "${projectRoot}..\\..\\..\\..\\..\\..\\AppData\\Local\\arduino15\\packages\\arduino\\hardware\\sam\\1.6.12\\system\\libsam",
        "${projectRoot}..\\..\\..\\..\\..\\..\\AppData\\Local\\arduino15\\packages\\arduino\\hardware\\sam\\1.6.12\\system\\libsam\\include",
        "${projectRoot}..\\..\\..\\..\\..\\..\\AppData\\Local\\arduino15\\packages\\arduino\\hardware\\sam\\1.6.12\\system\\CMSIS\\CMSIS\\Include\\",
        "${projectRoot}..\\..\\..\\..\\..\\..\\AppData\\Local\\arduino15\\packages\\arduino\\hardware\\sam\\1.6.12\\system\\CMSIS\\CMSIS\\Include\\",
        "${projectRoot}..\\..\\..\\..\\..\\..\\AppData\\Local\\arduino15\\packages\\arduino\\hardware\\sam\\1.6.12\\system\\CMSIS\\CMSIS\\Include\\",
        "${projectRoot}..\\..\\..\\..\\..\\..\\AppData\\Local\\arduino15\\packages\\arduino\\hardware\\sam\\1.6.12\\system\\CMSIS\\Device\\ATMEL\\",
        "${projectRoot}..\\..\\..\\..\\..\\..\\AppData\\Local\\arduino15\\packages\\arduino\\hardware\\sam\\1.6.12\\system\\libsam",
        "${projectRoot}..\\..\\..\\..\\..\\..\\AppData\\Local\\arduino15\\packages\\arduino\\hardware\\sam\\1.6.12\\system\\libsam\\include",
        "D:\\Program Files (x86)\\Arduino\\hardware\\tools\\g++_arm_none_eabi\\arm-none-eabi\\include",
        "D:\\Program Files (x86)\\Arduino\\hardware\\tools\\g++_arm_none_eabi\\arm_none_eabi\\include\\",
        "D:\\Program Files (x86)\\Arduino\\hardware\\tools\\g++_arm_none_eabi\\lib\\gcc\\arm-none-eabi\\4.4.1\\include",
        "D:\\Program Files (x86)\\Arduino\\hardware\\tools\\g++_arm_none_eabi\\lib\\gcc\\arm-none-eabi\\4.4.1\\include\\",
        "${projectRoot}..\\..\\..\\..\\..\\..\\AppData\\Local\\arduino15\\packages\\arduino\\hardware\\sam\\1.6.12\\system\\CMSIS\\Device\\ATMEL\\sam3xa\\include\\pio",
        "${projectRoot}..\\..\\..\\..\\..\\..\\AppData\\Local\\arduino15\\packages\\arduino\\hardware\\sam\\1.6.12\\system\\libsam\\include",
        "${projectRoot}..\\..\\..\\..\\..\\..\\AppData\\Local\\arduino15\\packages\\arduino\\hardware\\sam\\1.6.12\\CMSIS\\CMSIS\\Include\\",
        "${projectRoot}..\\..\\..\\..\\..\\..\\AppData\\Local\\arduino15\\packages\\arduino\\hardware\\sam\\1.6.12\\system\\CMSIS\\Device\\ATMEL\\sam3xa\\include",
        "${projectRoot}..\\..\\..\\..\\..\\..\\AppData\\Local\\arduino15\\packages\\arduino\\hardware\\sam\\1.6.12\\system\\libsam",
        "${projectRoot}..\\..\\..\\..\\..\\..\\AppData\\Local\\arduino15\\packages\\arduino\\hardware\\sam\\1.6.12\\system\\CMSIS\\Device\\ATMEL",
        "${projectRoot}..\\..\\..\\..\\..\\..\\AppData\\Local\\arduino15\\packages\\arduino\\hardware\\sam\\1.6.12\\system\\CMSIS\\Device\\ATMEL\\sam3xa\\include",
        "${projectRoot}..\\..\\..\\..\\..\\..\\AppData\\Local\\arduino15\\packages\\arduino\\hardware\\sam\\1.6.12\\variants\\clearcore\\Third Party\\SAME53\\CMSIS\\Device\\Include",
        "${projectRoot}..\\..\\..\\..\\..\\..\\AppData\\Local\\arduino15\\packages\\arduino\\hardware\\sam\\1.6.12\\Teknic\\libClearCore\\inc"
      ],
      "defines": [
        "_VMDEBUG=1",
        "F_CPU=84000000L",
        "ARDUINO=108013",
        "ARDUINO_SAM_DUE",
        "ARDUINO_ARCH_SAM",
        "__SAM3X8E__",
        "USB_VID=0x2341",
        "USB_PID=0x003e",
        "USBCON",
        "__cplusplus=201103L",
        "_VMICRO_INTELLISENSE"
      ]
    }
  ]
}